honorific_title,first_name,last_name,username,profile_URL,status,gender,political_affiliation,constituency,province_territory
NA,Ziad,Aboultaif,ziadaboultaif8623,https://www.youtube.com/@ziadaboultaif8623,Active,Man,Conservative,Edmonton Manning,Alberta
NA,Scott,Aitchison,votescott,https://www.youtube.com/@votescott,Active,Man,Conservative,Parry Sound-Muskoka,Ontario
NA,Dan,Albas,danalbas,https://www.youtube.com/@danalbas,Active,Man,Conservative,Central Okanagan-Similkameen-Nicola,British Columbia
Hon.,Omar,Alghabra,omaralghabra,https://www.youtube.com/@omaralghabra,Inactive,Man,Liberal,Mississauga Centre,Ontario
NA,Shafqat,Ali,shafqatalimp,https://www.youtube.com/@shafqatalimp,Active,Man,Liberal,Brampton Centre,Ontario
NA,Dean,Allison,allisd8,https://www.youtube.com/@allisd8,Inactive,Man,Conservative,Niagara West,Ontario
Hon.,Gary,Anandasangaree,garyanandasangaree2270,https://www.youtube.com/@garyanandasangaree2270,Inactive,Man,Liberal,Scarborough-Rouge Park,Ontario
NA,Charlie,Angus,charlieangus,https://www.youtube.com/@charlieangus,Active,Man,NDP,Timmins-James Bay,Ontario
NA,Mel,Arnold,melarnold2150,https://www.youtube.com/@melarnold2150,Active,Man,Conservative,North Okanagan-Shuswap,British Columbia
NA,Chandra,Arya,aryacanada,https://www.youtube.com/@aryacanada,Active,Man,Liberal,Nepean,Ontario
NA,Niki,Ashton,nikiashtonndp,https://www.youtube.com/@nikiashtonndp,Active,Woman,NDP,Churchill-Keewatinook Aski,Manitoba
NA,Jenica,Atwin,jenicaatwin2480,https://www.youtube.com/@jenicaatwin2480,Active,Woman,Liberal,Fredericton,New Brunswick
NA,Taylor,Bachrach,taylorbachrachndp2669,https://www.youtube.com/@taylorbachrachndp2669,Active,Man,NDP,Skeena-Bulkley Valley,British Columbia
NA,Vance,Badawey,vancebadawey3163,https://www.youtube.com/@vancebadawey3163,Inactive,Man,Liberal,Niagara Centre,Ontario
NA,Yvan,Baker,yvanbaker937,https://www.youtube.com/@yvanbaker937,Inactive,Man,Liberal,Etobicoke Centre,Ontario
NA,Tony,Baldinelli,tonybaldinelli7468,https://www.youtube.com/@tonybaldinelli7468,Inactive,Man,Conservative,Niagara Falls,Ontario
NA,Xavier,Barasalou-Duval,xavierbarsalou-duval9473,https://www.youtube.com/@xavierbarsalou-duval9473,Active,Man,Bloc Québécois,Pierre-Boucher-Les Patriotes-Verchères,Quebec
NA,John,Barlow,JohnBarlowMP,https://www.youtube.com/@JohnBarlowMP,Active,Man,Conservative,Foothills,Alberta
NA,Michael,Barrett,MikeBarrettON,https://www.youtube.com/@MikeBarrettON,Active,Man,Conservative,Leeds-Grenville-Thousand Islands and Rideau Lakes,Ontario
NA,Jaime,Battiste,reelectjaimebattiste3855,https://www.youtube.com/@jaimebattiste9161,Inactive,Man,Liberal,Sydney-Victoria,Nova Scotia
NA,Mario,Beaulieu,mariobeaulieu5507,https://www.youtube.com/@mariobeaulieu5507,Inactive,Man,Bloc Québécois,La Pointe-de-l'Île,Quebec
Hon.,Terry,Beech,terrybeech,https://www.youtube.com/@terrybeech,Active,Man,Liberal,Burnaby North-Seymour,British Columbia
NA,Rachel,Bendayan,rachelbendayan1312,https://www.youtube.com/@rachelbendayan1312,Inactive,Woman,Liberal,Outremont,Quebec
NA,Stéphane,Bergeron,stephanebergeronmontarvill9298,https://www.youtube.com/@stephanebergeronmontarvill9298,Active,Man,Bloc Québécois,Montarville,Quebec
NA,Luc,Berthold,MairieTM,https://www.youtube.com/@MairieTM,Inactive,Man,Conservative,Megantic-L'erable,Quebec
NA,James,Bezan,jamesbezan,https://www.youtube.com/@jamesbezan,Active,Man,Conservative,Selkirk-Interlake-Eastman,Manitoba
Hon.,Marie-Claude,Bibeau,bureaudelhonorablemarie-cl827,https://www.youtube.com/@bureaudelhonorablemarie-cl827,Inactive,Woman,Liberal,Compton-Stanstead,Quebec
Hon.,Bill,Blair,billblairmp5321,https://www.youtube.com/@billblairmp5321,Inactive,Man,Liberal,Scarborough Southwest,Ontario
NA,Yves-François,Blanchet,yves-francoisblanchet2936,https://www.youtube.com/@yves-francoisblanchet2936,Inactive,Man,Bloc Québécois,Beloeil-Chambly,Quebec
NA,Maxime,Blanchette Joncas,MBJDepute,https://www.youtube.com/@MBJDepute,Active,Man,Bloc Québécois,Rimouski-Neigette-Temiscouata-Les Basques,Quebec
NA,Rachel,Blaney,rachelblaneyMP,https://www.youtube.com/@rachelblaneyMP,Active,Woman,NDP,North Island-Powell River,British Columbia
NA,Kelly,Block,MPKellyBlock,https://www.youtube.com/@kellyBloc Québécoiskmp5459,Inactive,Woman,Conservative,Carlton Trail-Eagle Creek,Saskatchewan
NA,Kody,Blois,kodyblois6484,https://www.youtube.com/@kodyblois6484,Inactive,Man,Liberal,Kings-Hants,Nova Scotia
Hon.,Randy,Boissonnault,r_boissonnault,https://www.youtube.com/@r_boissonnault,Active,Man,Liberal,Edmonton Centre,Alberta
NA,Alexandre,Boulerice,RosemontNPD,https://www.youtube.com/@RosemontNPD,Active,Man,NDP,Rosemont-La Petite-Patrie,Quebec
NA,Valerie,Bradford,valeriebradfordmp6426,https://www.youtube.com/@valeriebradfordmp6426,Inactive,Woman,Liberal,Kitchener South-Hespeler,Ontario
NA,Richard,Bragdon,richardbragdonmp,https://www.youtube.com/@richardbragdonmp,Inactive,Man,Conservative,Tobique-Mactaquac,New Brunswick
NA,John,Brassard,johnbrassardcpc5357,https://www.youtube.com/@johnbrassardcpc5357,Active,Man,Conservative,Barrie-Innisfil,Ontario
NA,Élisabeth,Brière,elisabethbrieredeputeefede2534,https://www.youtube.com/@elisabethbrieredeputeefede2534,Inactive,Woman,Liberal,Sherbrooke,Quebec
NA,Larry,Brock,LarryBrockMP,https://www.youtube.com/@LarryBrockMP,Active,Man,Conservative,Brantford-Brant,Ontario
NA,Blaine,Calkins,blainecalkinsmp,https://www.youtube.com/@blainecalkinsmp,Inactive,Man,Conservative,Red Deer-Lacombe,Alberta
NA,Richard,Cannings,richardcannings354,https://www.youtube.com/@richardcannings354,Inactive,Man,NDP,South Okanagan-West Kootenay,British Columbia
NA,Frank,Caputo,FrankCaputoMP,https://www.youtube.com/@FrankCaputoMP,Active,Man,Conservative,Kamloops-Thompson-Cariboo,British Columbia
NA,Benn,Carr,MPBenCarr,https://www.youtube.com/@MPBenCarr,Active,Man,Liberal,Winnipeg South Centre,Manitoba
NA,Colin,Carrie,ColinCarrie,https://www.youtube.com/@ColinCarrie,Inactive,Man,Conservative,Oshawa,Ontario
NA,Sean,Casey,SeanCaseyMP,https://www.youtube.com/@SeanCaseyMP,Inactive,Man,Liberal,Charlottetown,Prince Edward Island
NA,Louise,Chabot,louisechabot1216,https://www.youtube.com/@louisechabot1216,Active,Woman,Bloc Québécois,Therèse-De Blainville,Quebec
Hon.,Bardish,Chagger,bardishchagger3608,https://www.youtube.com/@bardishchagger3608,Inactive,Woman,Liberal,Waterloo,Ontario
NA,George,Chahal,chahalgeorge,https://www.youtube.com/@chahalgeorge,Active,Man,Liberal,Calgary Skyview,Alberta
NA,Adam,Chambers,adamchambersmpsimcoenorth2247,https://www.youtube.com/@adamchambersmpsimcoenorth2247,Active,Man,Conservative,Simcoe North,Ontario
Hon.,François-Philipe,Champagne,francois-philippechampagne971,https://www.youtube.com/@fpchampagne,Inactive,Man,Liberal,Saint-Maurice-Champlain,Quebec
NA,Martin,Champoux,martinchampouxbq,https://www.youtube.com/@martinchampouxbq,Active,Man,Bloc Québécois,Drummond,Quebec
NA,Sophie,Chatel,sophiechatel-pontiac3449,https://www.youtube.com/@sophiechatel-pontiac3449,Active,Woman,Liberal,Pontiac,Quebec
NA,Shaun,Chen,ShaunChenMP,https://www.youtube.com/@ShaunChenMP,Active,Man,Liberal,Scarborough North,Ontario
Hon.,Michael,Chong,michaelchongmp,https://www.youtube.com/@michaelchongmp,Active,Man,Conservative,Wellington-Halton Hills,Ontario
NA,Laurel,Collins,laurelcollins9484,https://www.youtube.com/@laurelcollins9484,Active,Woman,NDP,Victoria,British Columbia
NA,Michael,Cooper,MichaelCooperMP,https://www.youtube.com/@MichaelCooperMP,Active,Man,Conservative,St. Albert-Edmonton,Alberta
NA,Serge,Cormier,sergecormierm.p.depute9635,https://www.youtube.com/@sergecormierm.p.depute9635,Inactive,Man,Liberal,Acadie-Bathurst,New Brunswick
NA,Michael,Coteau,MichaelCoteauMP,https://www.youtube.com/@MichaelCoteauMP,Active,Man,Liberal,Don Valley East,Ontario
NA,Chris,d'Entremont,chrisdentremontmp5648,https://www.youtube.com/@chrisdentremontmp5648,Inactive,Man,Conservative,West Nova,Nova Scotia
NA,Julie,Dabrusin,juliedabrusin9420,https://www.youtube.com/@juliedabrusin9420,Active,Woman,Liberal,Toronto-Danforth,Ontario
NA,Marc,Dalton,marcdaltonmp,https://www.youtube.com/@marcdaltonmp,Active,Man,Conservative,Pitt Meadows-Maple Ridge,British Columbia
NA,Pam,Damoff,PamDamoffMP,https://www.youtube.com/@PamDamoffMP,Inactive,Woman,Liberal,Oakville North-Burlington,Ontario
NA,Raquel,Dancho,RaquelDanchoMP,https://www.youtube.com/@RaquelDanchoMP,Active,Woman,Conservative,Kildonan-St. Paul,Manitoba
NA,Scot,Davidson,ScotDavidsonMP,https://www.youtube.com/@ScotDavidsonMP,Active,Man,Conservative,York-Simcoe,Ontario
NA,Don,Davies,dondaviesndp,https://www.youtube.com/@dondaviesndp,Active,Man,NDP,Vancouver Kingsway,British Columbia
NA,Claude,DeBellefeuille,claudedebellefeuilleBQ,https://www.youtube.com/@claudedebellefeuilleBQ,Active,Woman,Bloc Québécois,Salaberry-Suroît,Quebec
NA,Caroline,Desbiens,carolinedesbiens3595,https://www.youtube.com/@carolinedesbiens3595,Inactive,Woman,Bloc Québécois,Beauport-Côte-de-Beaupre-Île d'Orleans-Charlevoix,
NA,Luc,Desilets,lucdesiletsbq,https://www.youtube.com/@lucdesiletsbq,Active,Man,Bloc Québécois,Rivière-des-Mille-Îles,Quebec
NA,Blake,Desjarlais,MPblakedesjarlais,https://www.youtube.com/@MPblakedesjarlais,Inactive,Man,NDP,Edmonton Griesbach,Alberta
NA,Gérard,Detell,gerarddeltell-deputedeloui7987,https://www.youtube.com/@gerarddeltell-deputedeloui7987,Inactive,Man,Conservative,Louis-Saint-Laurent,Quebec
NA,Sukh,Dhaliwal,sukhdhaliwal1354,https://www.youtube.com/@sukhdhaliwal1354,Inactive,Man,Liberal,Surrey-Newton,British Columbia
NA,Lena Metlege ,Diab,mlalenametlegediab1754,https://www.youtube.com/@mlalenametlegediab1754,Inactive,Woman,Liberal,Halifax West,Nova Scotia
NA,Majid,Djowhari,mpjowhari,https://www.youtube.com/@mpjowhari,Inactive,Man,Liberal,Richmond Hill,Ontario
NA,Todd,Doherty,todddohertymp389,https://www.youtube.com/@todddohertymp389,Inactive,Man,Conservative,Cariboo-Prince George,British Columbia
NA,Han,Dong,handongmp4432,https://www.youtube.com/@handongmp4432,Inactive,Man,Independent,Don Valley North,Ontario
NA,Earl,Dreeshen,earldreeshen9773,https://www.youtube.com/@earldreeshen9773,Inactive,Man,Conservative,Red Deer-Mountain View,Alberta
NA,Francis,Drouin,mpfrancisdrouindepute9407,https://www.youtube.com/@mpfrancisdrouindepute9407,Inactive,Man,Liberal,Glengarry-Prescott-Russell,Ontario
NA,Emmanuel,Dubourg,emmanueldubourg4736,https://www.youtube.com/@emmanueldubourg4736,Active,Man,Liberal,Bourassa,Quebec
Hon.,Jean-Yves,Duclos,jean-yvesduclosdeputedeque9893,https://www.youtube.com/@jean-yvesduclosdeputedeque9893,Inactive,Man,Liberal,Quebec,Quebec
Hon.,Kirsty,Duncan,KirstyDuncanMP,https://www.youtube.com/@KirstyDuncanMP,Inactive,Woman,Liberal,Etobicoke North,Ontario
NA,Eric,Duncan,EricDuncanSDSG,https://www.youtube.com/@EricDuncanSDSG,Active,Man,Conservative,Stormont-Dundas-South Glengarry,Ontario
NA,Julie,Dzerowicz,juliedzerowiczMP,https://www.youtube.com/@juliedzerowiczMP,Active,Woman,Liberal,Davenport,Ontario
NA,Ali,Ehsassi,aliehsassim.p.7287,https://www.youtube.com/@aliehsassim.p.7287,Inactive,Man,Liberal,Willowdale,Ontario
NA,Fayçal,El-Khoury,faycalel-khourymp7701,https://www.youtube.com/@faycalel-khourymp7701,Inactive,Man,Liberal,Laval-Les Îles,Quebec
NA,Stephen,Ellis,Dr.StephenEllisMP,https://www.youtube.com/@Dr.StephenEllisMP,Active,Man,Conservative,Cumberland-Colchester,Nova Scotia
NA,Dave,Epp,daveepp8422,https://www.youtube.com/@daveepp8422,Inactive,Man,Conservative,Chatham-Kent-Leamington,Ontario
NA,Nathaniel,Erskine-Smith,beynate,https://www.youtube.com/@beynate,Active,Man,Liberal,Beaches-East York,Ontario
NA,Ted,Falk,tedfalk6090,https://www.youtube.com/@tedfalk6090,Active,Man,Conservative,Provencher,Manitoba
NA,Rosemarie,Falk,RosemarieFalk-MP,https://www.youtube.com/@RosemarieFalk-MP,Active,Woman,Conservative,Battlefords-Lloydminster,Saskatchewan
Hon.,Ed,Fast,hon.edfast9103,https://www.youtube.com/@hon.edfast9103,Inactive,Man,Conservative,Abbotsford,British Columbia
Hon.,Greg,Fergus,gregfergus1714,https://www.youtube.com/@gregfergus1714,Inactive,Man,Liberal,Hull-Aylmer,Quebec
NA,Michelle,Ferreri,MichelleFerreriMP,https://www.youtube.com/@MichelleFerreriMP,Active,Woman,Conservative,Peterborough-Kawartha,Ontario
Hon.,Kerry-Lynne,Findlay,kerry-lynnefindlay1932,https://www.youtube.com/@kerry-lynnefindlay1932,Active,Woman,Conservative,South Surrey-White Rock,British Columbia
NA,Darren,Fisher,darrenfishermp-dartmouthco7545,https://www.youtube.com/@darrenfishermp-dartmouthco7545,Inactive,Man,Liberal,Dartmouth-Cole Harbour,Nova Scotia
NA,Peter,Fonseca,peterfonsecamp5019,https://www.youtube.com/@peterfonsecamp5019,Inactive,Man,Liberal,Mississauga East-Cooksville,Ontario
Hon.,Mona,Fortier,MPMonaFortier,https://www.youtube.com/@MPMonaFortier,Inactive,Woman,Liberal,Ottawa-Vanier,Ontario
NA,Peter,Fragiskatos,peterfragiskatos-londonnor6314,https://www.youtube.com/@peterfragiskatos-londonnor6314,Inactive,Man,Liberal,London North Centre,Ontario
Hon.,Sean,Fraser,Sean_Fraser,https://www.youtube.com/@Sean_Fraser,Active,Man,Liberal,Central Nova,Nova Scotia
Hon.,Chrystia,Freeland,chrystiafreeland,https://www.youtube.com/@chrystiafreeland,Inactive,Woman,Liberal,University-Rosedale,Ontario
Hon.,Hedy,Fry,HedyFry,https://www.youtube.com/@HedyFry,Active,Woman,Liberal,Vancouver Centre,British Columbia
NA,Iqwinder,Gaheer,iqwindersgaheer,https://www.youtube.com/@iqwindersgaheer,Inactive,Man,Liberal,Mississauga-Malton,Ontario
NA,Cheryl,Gallant,CherylGallantMP,https://www.youtube.com/@CherylGallantMP,Active,Woman,Conservative,Renfrew-Nipissing-Pembroke,Ontario
NA,Jean-Denis,Garon,jean-denisgaron-candidatda4574,https://www.youtube.com/@jean-denisgaron-candidatda4574,Inactive,Man,Bloc Québécois,Mirabel,Quebec
NA,Randall,Garrison,randallgarrison7999,https://www.youtube.com/@randallgarrison7999,Inactive,Man,NDP,Esquimalt-Saanich-Sooke,British Columbia
NA,Marie-Hélèn,Gaudreau,mhgaudreaubq,https://www.youtube.com/@mhgaudreaubq,Active,Woman,Bloc Québécois,Laurentides-Labelle,Quebec
NA,Leah,Gazan,leahgazanmpwinnipegcentre2892,https://www.youtube.com/@leahgazanmpwinnipegcentre2892,Active,Woman,NDP,Winnipeg Centre,Manitoba
NA,Bernard,Genereux,genereux.bernard,https://www.youtube.com/@genereux.bernard,Active,Man,Conservative,Montmagny-L'Islet-Kamouraska-Rivière-du-Loup,Quebec
NA,Garnett,Genuis,garnettgenuismp,https://www.youtube.com/@garnettgenuismp,Active,Man,Conservative,Sherwood Park-Fort Saskatchewan,Alberta
NA,Mark,Gerretsen,MPMarkGerretsen,https://www.youtube.com/@MPMarkGerretsen,Active,Man,Liberal,Kingston and the Islands,Ontario
NA,Marilene,Gill,marilenegill506,https://www.youtube.com/@marilenegill506,Inactive,Man,Bloc Québécois,Manicouagan,Quebec
NA,Marilyn,Gladu,MarilynGladuSL,https://www.youtube.com/@MarilynGladuSL,Active,Woman,Conservative,Sarnia-Lambton,Ontario
NA,Joël,Godin,joelgodindeputeportneuf-ja9732,https://www.youtube.com/@joelgodindeputeportneuf-ja9732,Inactive,Man,Conservative,Portneuf-Jacques-Cartier,Quebec
NA,Laila,Goodridge,Laila.Goodridge,https://www.youtube.com/@Laila.Goodridge,Active,Woman,Conservative,Fort McMurray-Cold Lake,Alberta
Hon.,Karina,Gould,karinagouldm.p.5159,https://www.youtube.com/@karinagouldm.p.5159,Active,Woman,Liberal,Burlington,Ontario
NA,Jacques,Gourde,jacquesgourdeMPLevisLotbiniere,https://www.youtube.com/@jacquesgourdeMPLevisLotbiniere,Inactive,Man,Conservative,Levis-Lotbinière,Quebec
NA,Tracy,Gray,mptracygray6503,https://www.youtube.com/@mptracygray6503,Active,Woman,Conservative,Kelowna-Lake Country,British Columbia
NA,Matthew,Green,MatthewGreenNDP,https://www.youtube.com/@MatthewGreenNDP,Inactive,Man,NDP,Hamilton Centre,Ontario
Hon.,Steven,Guilbeault,Steven_Guilbeault,https://www.youtube.com/@Steven_Guilbeault,Active,Man,Liberal,Laurier-Sainte-Marie,Quebec
Hon.,Patty,Hajdu,mppattyhajdu7869,https://www.youtube.com/@mppattyhajdu7869,Inactive,Woman,Liberal,Thunder Bay-Superior North,Ontario
NA,Jasraj Singh ,Hallan,JasrajSHallan,https://www.youtube.com/@JasrajSHallan,Active,Man,Conservative,Calgary Forest Lawn,Alberta
NA,Ken,Hardie,kenhardie1945,https://www.youtube.com/@kenhardie1945,Inactive,Man,Liberal,Fleetwood-Port Kells,British Columbia
NA,Randy,Hoback,randyhobackmp,https://www.youtube.com/@randyhobackmp,Active,Man,Conservative,Prince Albert,Saskatchewan
Hon.,Mark,Holland,markholland3188,https://www.youtube.com/@markholland3188,Inactive,Man,Liberal,Ajax,Ontario
NA,Anthony,Housefather,anthonyhousefather3734,https://www.youtube.com/@anthonyhousefather3734,Active,Man,Liberal,Mount Royal,Quebec
Hon.,Ahmed,Hussen,Hon.AhmedHussen,https://www.youtube.com/@Hon.AhmedHussen,Active,Man,Liberal,York South-Weston,Ontario
Hon.,Gudie,Hutchings,ms.gudiehutchingsmpdeputee7485,https://www.youtube.com/@ms.gudiehutchingsmpdeputee7485,Inactive,Woman,Liberal,Long Range Mountains,Newfoundland and Labrador
NA,Angelo,Iacono,angeloiacono7193,https://www.youtube.com/@angeloiacono7193,Inactive,Man,Liberal,Alfred-Pellan,Quebec
NA,Lori,Idlout,loriidlout8929,https://www.youtube.com/@loriidlout8929,Inactive,Woman,NDP,Nunavut,Nunavut
Hon.,Marci,Ien,MarciienTV,https://www.youtube.com/@MarciienTV,Active,Woman,Liberal,Toronto Centre,Ontario
Hon.,Helena,Jaczek,dr.helenajaczekmp1559,https://www.youtube.com/@dr.helenajaczekmp1559,Active,Woman,Liberal,Markham-Stouffville,Ontario
NA,Matt,Jeneroux,mattjeneroux5579,https://www.youtube.com/@mattjeneroux5579,Inactive,Man,Conservative,Edmonton Riverbend,Alberta
NA,Jamil,Jivani,JamilforDurham,https://www.youtube.com/@JamilforDurham,Inactive,Man,Conservative,Durham,Ontario
NA,Gord,Johns,gordjohns6950,https://www.youtube.com/@gordjohns6950,Active,Man,NDP,Courtenay-Alberni,British Columbia
Hon.,Mélanie,Joly,melaniejoly7305,https://www.youtube.com/@melaniejoly7305,Inactive,Woman,Liberal,Ahuntsic-Cartierville,Quebec
NA,Yvonne,Jones,YvonneJonesLabrador,https://www.youtube.com/@YvonneJonesLabrador,Inactive,Woman,Liberal,Labrador,Newfoundland and Labrador
NA,Peter,Julian,PeterJulianMP,https://www.youtube.com/@PeterJulianMP,Inactive,Man,NDP,New Westminster-Burnaby,British Columbia
NA,Arielle,Kayabaga,MPArielleKayabaga,https://www.youtube.com/@MPArielleKayabaga,Active,Woman,Liberal,London West,Ontario
NA,Pat,Kelly,patkelly746,https://www.youtube.com/@patkelly746,Active,Man,Conservative,Calgary Rocky Ridge,Alberta
NA,Iqra,Khalid,iqrakhalid729,https://www.youtube.com/@iqrakhalid729,Inactive,Woman,Liberal,Mississauga-Erin Mills,Ontario
NA,Arpan,Khanna,arpan_khanna,https://www.youtube.com/@arpan_khanna,Inactive,Man,Conservative,Oxford,Ontario
Hon.,Kamal,Khera,KamalKheraLib,https://www.youtube.com/@KamalKheraLib,Active,Woman,Liberal,Brampton West,Ontario
NA,Robert,Kitchen,robertkitchen6499,https://www.youtube.com/@robertkitchen6499,Inactive,Man,Conservative,Souris-Moose Mountain,Saskatchewan
NA,Tom,Kmiec,tomkmiec2030,https://www.youtube.com/@tomkmiec2030,Inactive,Man,Conservative,Calgary Shepard,Alberta
NA,Annie,Koutrakis,anniekoutrakis2525,https://www.youtube.com/@anniekoutrakis2525,Inactive,Woman,Liberal,Vimy,Quebec
NA,Michael,Kram,MichaelKramSK,https://www.youtube.com/@MichaelKramSK,Active,Man,Conservative,Regina-Wascana,Saskatchewan
NA,Shelby,Kramp-Neuman,shelbykramp-neumanmp,https://www.youtube.com/@shelbykramp-neumanmp,Active,Woman,Conservative,Hastings-Lennox and Addington,Ontario
NA,Damien,Kurek,dckurek,https://www.youtube.com/@dckurek,Active,Man,Conservative,Battle River-Crowfoot,Alberta
NA,Stephanie,Kusie,StephanieKusieMP,https://www.youtube.com/@StephanieKusieMP,Active,Woman,Conservative,Calgary Midnapore,Alberta
NA,Irek,Kusmierczyk,mpirekkusmierczyk7840,https://www.youtube.com/@mpirekkusmierczyk7840,Active,Man,Liberal,Windsor-Tecumseh,Ontario
NA,Jenny,Kwan,jennykwanmp3473,https://www.youtube.com/@jennykwanmp3473,Active,Woman,NDP,Vancouver East,British Columbia
Hon.,Mike,Lake,mikelakeoffice,https://www.youtube.com/@mikelakeoffice,Inactive,Man,Conservative,Edmonton-Wetaskiwin,Alberta
NA,Marie-France,Lalonde,Marie-FranceLalonde,https://www.youtube.com/@Marie-FranceLalonde,Active,Woman,Liberal,Orleans,Ontario
NA,Emmanuella,Lambropoulos,officialemmanuellalambropo1623,https://www.youtube.com/@officialemmanuellalambropo1623,Inactive,Woman,Liberal,Saint-Laurent,Quebec
NA,Kevin,Lamoureux,KevinLamoureuxMP,https://www.youtube.com/@KevinLamoureuxMP,Inactive,Man,Liberal,Winnipeg North,Manitoba
NA,Melissa,Lantsman,MelissaLantsman,https://www.youtube.com/@MelissaLantsman,Active,Woman,Conservative,Thornhill,Ontario
NA,Viviane,Lapointe,VivforSudbury,https://www.youtube.com/@VivforSudbury,Inactive,Woman,Liberal,Sudbury,Ontario
NA,Andréanne,Larouche,andreannelarouchedeputeede9783,https://www.youtube.com/@andreannelarouchedeputeede9783,Inactive,Woman,Bloc Québécois,Shefford,Quebec
NA,Stéphane,Lauzon,stephanelauzon7515,https://www.youtube.com/@stephanelauzon7515,Inactive,Man,Liberal,Argenteuil-La Petite-Nation,Quebec
NA,Philip,Lawrence,MPphiliplawrence,https://www.youtube.com/@MPphiliplawrence,Active,Man,Conservative,Northumberland-Peterborough South,Ontario
Hon.,Dominic,Leblanc,DominicLeblancMP,https://www.youtube.com/@DominicLeblancMP,Inactive,Man,Liberal,Beausejour,New Brunswick
Hon.,Diane,Lebouthillier,dianelebouthillier6450,https://www.youtube.com/@dianelebouthillier6450,Inactive,Woman,Liberal,Gaspesie-Les Îles-de-la-Madeleine,Quebec
NA,Sébastien,Lemire,sebastienlemire9488,https://www.youtube.com/@sebastienlemire9488,Inactive,Man,Bloc Québécois,Abitibi-Temiscamingue,Quebec
NA,Branden,Leslie,brandenleslie,https://www.youtube.com/@brandenleslie,Active,Man,Conservative,Portage-Lisgar,Manitoba
NA,Leslyn,Lewis,LeslynLewisMP,https://www.youtube.com/@LeslynLewisMP,Active,Woman,Conservative,Haldimand-Norfolk,Ontario
NA,Chris,Lewis,chrislewismpessex,https://www.youtube.com/@chrislewismpessex,Active,Man,Conservative,Essex,Ontario
NA,Ron,Liepert,ronliepertmp4074,https://www.youtube.com/@ronliepertmp4074,Inactive,Man,Conservative,Calgary Signal Hill,Alberta
NA,Joël,Lightbound,joellightbound8982,https://www.youtube.com/@joellightbound8982,Inactive,Man,Liberal,Louis-Hebert,Quebec
NA,Dane,Lloyd,danelloydmp4541,https://www.youtube.com/@danelloydmp4541,Active,Man,Conservative,Sturgeon River-Parkland,Alberta
NA,Ben,Lobb,benlobb9956,https://www.youtube.com/@benlobb9956,Inactive,Man,Conservative,Huron-Bruce,Ontario
NA,Wayne,Long,waynelong2815,https://www.youtube.com/@waynelong2815,Inactive,Man,Liberal,Saint John-Rothesay,New Brunswick
NA,Lloyd,Longfield,LloydLongfield,https://www.youtube.com/@LloydLongfield,Active,Man,Liberal,Guelph,Ontario
NA,Tim,Louis,timlouiskitcon,https://www.youtube.com/@timlouiskitcon,Active,Man,Liberal,Kitchener-Conestoga,Ontario
Hon.,Lawrence,MacAulay,lawrencemacaulay1022,https://www.youtube.com/@lawrencemacaulay1022,Inactive,Man,Liberal,Cardigan,Prince Edward Island
NA,Alistair,MacGregor,alistairmacgregor5733,https://www.youtube.com/@alistairmacgregor5733,Active,Man,NDP,Cowichan-Malahat-Langford,British Columbia
Hon.,Steven,MacKinnon,stevenmackinnon3898,https://www.youtube.com/@stevenmackinnon3898,Inactive,Man,Liberal,Gatineau,Quebec
NA,Larry,Maguire,larrymaguire307,https://www.youtube.com/@larrymaguire307,Active,Man,Conservative,Brandon-Souris,Manitoba
NA,Shuvaloy,Majumdar,shuvmajumdar,https://www.youtube.com/@shuvmajumdar,Active,Man,Conservative,Calgary Heritage,Alberta
NA,Lisa,Marie Barron,lisamarie1190,https://www.youtube.com/@lisamarie1190,Active,Woman,NDP,Nanaimo-Ladysmith,British Columbia
NA,Brian,Masse,MasseMP,https://www.youtube.com/@MasseMP,Inactive,Man,NDP,Windsor West,Ontario
NA,Lindsay,Mathyssen,lindsaymathyssen9964,https://www.youtube.com/@lindsaymathyssen9964,Inactive,Woman,NDP,London-Fanshawe,Ontario
NA,Bryan,May,bryanmay1929,https://www.youtube.com/@bryanmay1929,Inactive,Man,Liberal,Cambridge,Ontario
NA,Dan,Mazier,danmazier2110,https://www.youtube.com/@danmazier2110,Inactive,Man,Conservative,Dauphin-Swan River-Neepawa,Manitoba
NA,Kelly,McCauley,kellymccauley4850,https://www.youtube.com/@kellymccauley4850,Inactive,Man,Conservative,Edmonton West,Alberta
NA,Ken,McDonald,kenmcdonald5369,https://www.youtube.com/@kenmcdonald5369,Inactive,Man,Liberal,Avalon,Newfoundland and Labrador
Hon.,David,McGuinty,davidmcguinty,https://www.youtube.com/@davidmcguinty,Active,Man,Liberal,Ottawa South,Ontario
Hon.,John,McKay,hon.johnmckayp.c.m.p.3480,https://www.youtube.com/@hon.johnmckayp.c.m.p.3480,Active,Man,Liberal,Scarborough-Guildwood,Ontario
NA,Ron,McKinnon,ronmckinnonmp1442,https://www.youtube.com/@ronmckinnonmp1442,Inactive,Man,Liberal,Coquitlam-Port Coquitlam,British Columbia
NA,Greg,McLean,GregMcLeanYYC,https://www.youtube.com/@GregMcLeanYYC,Active,Man,Conservative,Calgary Centre,Alberta
NA,Heather,McPherson,heathermcpherson2548,https://www.youtube.com/@heathermcpherson2548,Active,Woman,NDP,Edmonton Strathcona,Alberta
NA,Eric,Melillo,mpericmelillo4622,https://www.youtube.com/@mpericmelillo4622,Inactive,Man,Conservative,Kenora,Ontario
NA,Alexandra,Mendès,AlexandraMendesMP,https://www.youtube.com/@AlexandraMendesMP,Inactive,Woman,Liberal,Brossard-Saint-Lambert,Quebec
Hon.,Marco,Mendicino,marcomendicino7605,https://www.youtube.com/@marcomendicino7605,Inactive,Man,Liberal,Eglinton-Lawrence,Ontario
Hon.,Marc,Miller,marcmillerdeputemp6978,https://www.youtube.com/@marcmillerdeputemp6978,Inactive,Man,Liberal,Ville-Marie-Le Sud-Ouest-Île-des-Soeurs,Quebec
NA,Marty,Morantz,Marty_Morantz,https://www.youtube.com/@Marty_Morantz,Active,Man,Conservative,Charleswood-St. James-Assiniboia-Headingley,Manitoba
NA,Mike,Morrice,mikemorricekitchenercentre1251,https://www.youtube.com/@mikemorricekitchenercentre1251,Active,Man,Green Party,Kitchener Centre,Ontario
NA,Rob,Morrison,robmorrisonmp9169,https://www.youtube.com/@robmorrisonmp9169,Active,Man,Conservative,Kootenay-Columbia,British Columbia
NA,Robert,Morrissey,robertmorrissey9534,https://www.youtube.com/@robertmorrissey9534,Inactive,Man,Liberal,Egmont,Prince Edward Island
NA,Glen,Motz,glenmotz1963,https://www.youtube.com/@glenmotz1963,Inactive,Man,Conservative,Medicine Hat-Cardston-Warner,Alberta
Hon.,Joyce,Murray,mpjoycemurray,https://www.youtube.com/@mpjoycemurray,Inactive,Woman,Liberal,Vancouver Quadra,British Columbia
NA,Dan,Muys,DanMuysMP,https://www.youtube.com/@DanMuysMP,Active,Man,Conservative,Flamborough-Glanbrook,Ontario
NA,Yasir,Naqvi,yasirnaqvi-mpdepute7991,https://www.youtube.com/@yasirnaqvi-mpdepute7991,Active,Man,Liberal,Ottawa Centre,Ontario
NA,John,Nater,JohnNaterMP,https://www.youtube.com/@JohnNaterMP,Active,Man,Conservative,Perth-Wellington,Ontario
Hon.,Mary,Ng,maryngmpmarkham-thornhill5343,https://www.youtube.com/@maryngmpmarkham-thornhill5343,Inactive,Woman,Liberal,Markham-Thornhill,Ontario
NA,Taleeb,Noormohamed,taleebnoormohamed8437,https://www.youtube.com/@taleebnoormohamed8437,Inactive,Man,Liberal,Vancouver Granville,British Columbia
NA,Christine,Normandin,christinenormandinBQ,https://www.youtube.com/@christinenormandinBQ,Inactive,Woman,Bloc Québécois,Saint-Jean,Quebec
NA,Jennifer,O'Connell,jenniferoconnell6006,https://www.youtube.com/@jenniferoconnell6006,Inactive,Woman,Liberal,Pickering-Uxbridge,Ontario
Hon.,Seamus,O'Regan,seamusoregan7376,https://www.youtube.com/@seamusoregan7376,Active,Man,Liberal,St. John's South-Mount Pearl,Newfoundland and Labrador
Hon.,Robert,Oliphant,roboliphant1226,https://www.youtube.com/@roboliphant1226,Inactive,Man,Liberal,Don Valley West,Ontario
NA,Jeremy,Patzer,jeremypatzerm.p.3832,https://www.youtube.com/@jeremypatzerm.p.3832,Active,Man,Conservative,Cypress Hills-Grasslands,Saskatchewan
NA,Pierre,Paul-Hus,pierrepaul-hus5517,https://www.youtube.com/@pierrepaul-hus5517,Inactive,Man,Conservative,Charlesbourg-Haute-Saint-Charles,Quebec
NA,Monique,Pauzé,moniquepauze5343,https://www.youtube.com/@moniquepauze5343,Active,Woman,Bloc Québécois,Repentigny,Quebec
NA,Rick,Perkins,rickperkinsmp3534,https://www.youtube.com/@rickperkinsmp3534,Inactive,Man,Conservative,South Shore-St. Margarets,Nova Scotia
NA,Yves,Perron,yvesperron3376,https://www.youtube.com/@yvesperron3376,Active,Man,Bloc Québécois,Berthier-Maskinonge,Quebec
Hon.,Ginette,Petitpas Taylor,ginettepetitpastaylor3020,https://www.youtube.com/@ginettepetitpastaylor3020,Inactive,Woman,Liberal,Moncton-Riverview-Dieppe,New Brunswick
Hon.,Pierre,Poilievre,PierrePoilievre,https://www.youtube.com/@PierrePoilievre,Active,Man,Conservative,Carleton,Ontario
Hon.,Carla,Qualtrough,mpcarlaqualtrough4736,https://www.youtube.com/@mpcarlaqualtrough4736,Inactive,Woman,Liberal,Delta,British Columbia
NA,Alain,Rayes,alainrayes9129,https://www.youtube.com/@alainrayes9129,Inactive,Man,Independent,Richmond-Arthabaska,Quebec
NA,Brad,Redekopp,bradredekopp4133,https://www.youtube.com/@bradredekopp4133,Active,Man,Conservative,Saskatoon West,Saskatchewan
NA,Scott,Reid,scottreidm.p.6868,https://www.youtube.com/@scottreidm.p.6868,Inactive,Man,Conservative,Lanark-Frontenac-Kingston,Ontario
Hon.,Michelle,Rempel Garner,MichelleRempelGarner,https://www.youtube.com/@MichelleRempelGarner,Active,Woman,Conservative,Calgary Nose Hill,Alberta
NA,Blake,Richards,BlakeRichardsMP,https://www.youtube.com/@BlakeRichardsMP,Active,Man,Conservative,Banff-Airdrie,Alberta
NA,Churence,Rogers,mpchurencerogers9408,https://www.youtube.com/@mpchurencerogers9408,Inactive,Man,Liberal,Bonavista-Burin-Trinity,Newfoundland and Labrador
NA,Lianne,Rood,Lianne_Rood,https://www.youtube.com/@Lianne_Rood,Active,Woman,Conservative,Lambton-Kent-Middlesex,Ontario
NA,Anthony,Rota,anthonyrota9277,https://www.youtube.com/@anthonyrota9277,Inactive,Man,Liberal,Nipissing-Timiskaming,Ontario
NA,Alex,Ruff,alexruffbruce-grey-owensou5888,https://www.youtube.com/@alexruffbruce-grey-owensou5888,Active,Man,Conservative,Bruce-Grey-Owen Sound,Ontario
Hon.,Ruby,Sahota,mprubysahota927,https://www.youtube.com/@mprubysahota927,Active,Woman,Liberal,Brampton North,Ontario
Hon.,Ya'ara,Saks,yaarasaks-memberofparliame2991,https://www.youtube.com/@yaarasaks-memberofparliame2991,Active,Woman,Liberal,York Centre,Ontario
NA,Darrell,Samson,darrellsamson8890,https://www.youtube.com/@darrellsamson8890,Inactive,Man,Liberal,Sackville-Preston-Chezzetcook,Nova Scotia
NA,Randeep,Sarai,randeepsarai1619,https://www.youtube.com/@randeepsarai1619,Inactive,Man,Liberal,Surrey Centre,British Columbia
NA,Simon-Pierre,Savard-Tremblay,simon-pierresavard-trembla9773,https://www.youtube.com/@simon-pierresavard-trembla9773,Inactive,Man,Bloc Québécois,Saint-Hyacinthe-Bagot,Quebec
NA,Francis,Scarpaleggia,FrancisScarpaleggia,https://www.youtube.com/@FrancisScarpaleggia,Inactive,Man,Liberal,Lac-Saint-Louis,Quebec
Hon.,Andrew,Scheer,AndrewScheerMP,https://www.youtube.com/@AndrewScheerMP,Active,Man,Conservative,Regina-Qu'Appelle,Saskatchewan
NA,Peter,Schiefke,peterschiefke8350,https://www.youtube.com/@peterschiefke8350,Inactive,Man,Liberal,Vaudreuil-Soulanges,Quebec
NA,Jamie,Schmale,jamieschmale7251,https://www.youtube.com/@jamieschmale7251,Active,Man,Conservative,Haliburton-Kawartha Lakes-Brock,Ontario
NA,Kyle,Seeback,kyleseeback,https://www.youtube.com/@kyleseeback,Active,Man,Conservative,Dufferin-Caledon,Ontario
NA,Marc,Serré,marcserrem.p.depute-nickel2187,https://www.youtube.com/@marcserrem.p.depute-nickel2187,Active,Man,Liberal,Nickel Belt,Ontario
Hon.,Judy,Sgro,JudySgroMP-mt2mx,https://www.youtube.com/@JudySgroMP-mt2mx,Active,Woman,Liberal,Humber River-Black Creek,Ontario
NA,Brenda,Shanahan,brendashanahan254,https://www.youtube.com/@brendashanahan254,Inactive,Woman,Liberal,Châteauguay-Lacolle,Quebec
NA,Terry,Sheehan,terrysheehanmp9296,https://www.youtube.com/@terrysheehanmp9296,Inactive,Man,Liberal,Sault Ste. Marie,Ontario
NA,Martin,Shields,martinshields7842,https://www.youtube.com/@martinshields7842,Inactive,Man,Conservative,Bow River,Alberta
NA,Doug,Shipley,DougShipleyBSOM,https://www.youtube.com/@dougshipley6122,Active,Man,Conservative,Barrie-Springwater-Oro-Medonte,Ontario
NA,Sonia,Sidhu,soniasidhu3876,https://www.youtube.com/@soniasidhu3876,Inactive,Woman,Liberal,Brampton South,Ontario
NA,Mario,Simard,mariosimard2821,https://www.youtube.com/@mariosimard2821,Inactive,Man,Bloc Québécois,Jonquière,Quebec
NA,Nathalie,Sinclair-Desgagné,NathalieSinclair-Desgagne,https://www.youtube.com/@NathalieSinclair-Desgagne,Active,Woman,Bloc Québécois,Terrebonne,Quebec
NA,Jagmeet,Singh,jagmeetsingh,https://www.youtube.com/@jagmeetsingh,Active,Man,NDP,Burnaby South,British Columbia
NA,Francesco,Sorbara,francescosorbara4754,https://www.youtube.com/@francescosorbara4754,Inactive,Man,Liberal,Vaughan-Woodbridge,Ontario
NA,Gerald,Soroka,geraldsoroka8147,https://www.youtube.com/@geraldsoroka8147,Inactive,Man,Conservative,Yellowhead,Alberta
NA,Charles,Sousa,charlessousa8149,https://www.youtube.com/@charlessousa8149,Inactive,Man,Liberal,Mississauga-Lakeshore,Ontario
Hon.,Pascale,St-Onge,PascaleSt-Onge,https://www.youtube.com/@PascaleSt-Onge,Active,Woman,Liberal,Brome-Missisquoi,Quebec
NA,Gabriel,Ste-Marie,gabrielste-marie4852,https://www.youtube.com/@gabrielste-marie4852,Active,Man,Bloc Québécois,Joliette,Quebec
NA,Warren,Steinley,warrensteinley6325,https://www.youtube.com/@warrensteinley6325,Active,Man,Conservative,Regina-Lewvan,Saskatchewan
NA,Jake,Stewart,jakestewartmp8342,https://www.youtube.com/@jakestewartmp8342,Inactive,Man,Conservative,Miramichi-Grand Lake,New Brunswick
NA,Mark,Strahl,markstrahl,https://www.youtube.com/@markstrahl,Active,Man,Conservative,Chilliwack-Hope,British Columbia
NA,Shannon,Stubbs,shannonstubbsmp,https://www.youtube.com/@shannonstubbsmp,Active,Woman,Conservative,Lakeland,Alberta
Hon.,Jenna,Sudds,Jenna-Sudds,https://www.youtube.com/@Jenna-Sudds,Inactive,Woman,Liberal,Kanata-Carleton,Ontario
Hon.,Filomena,Tassi,filomenatassi4742,https://www.youtube.com/@filomenatassi4742,Inactive,Woman,Liberal,Hamilton West-Ancaster-Dundas,Ontario
NA,Leah,Taylor Roy,Leah_Taylor_Roy,https://www.youtube.com/@Leah_Taylor_Roy,Active,Woman,Liberal,Aurora-Oak Ridges-Richmond Hill,Ontario
NA,Luc,Thériault,luctheriaultdeputedemontca8635,https://www.youtube.com/@luctheriaultdeputedemontca8635,Inactive,Man,Bloc Québécois,Montcalm,Quebec
NA,Alain,Therrien,alaintherrien_bq,https://www.youtube.com/@alaintherrien_bq,Active,Man,Bloc Québécois,La Prairie,Quebec
NA,Rachael,Thomas,RachaelThomasMP,https://www.youtube.com/@RachaelThomasMP,Active,Woman,Conservative,Lethbridge,Alberta
NA,Joanna,Thompson,MPJoanneThompson,https://www.youtube.com/@MPJoanneThompson,Active,Woman,Liberal,St. John's East,Newfoundland and Labrador
NA,Fraser,Tolmie,frasertolmiemp,https://www.youtube.com/@frasertolmiemp,Active,Man,Conservative,Moose Jaw-Lake Centre-Lanigan,Saskatchewan
Right Hon.,Justin,Trudeau,JustinTrudeau,https://www.youtube.com/@JustinTrudeau,Active,Man,Liberal,Papineau,Quebec
NA,Denis,Trudel,denistrudel-deputedelongue7901,https://www.youtube.com/@denistrudel-deputedelongue7901,Inactive,Man,Bloc Québécois,Longueuil-Saint-Hubert,Quebec
NA,Ryan,Turnbull,MPRyanTurnbullWhitby,https://www.youtube.com/@MPRyanTurnbullWhitby,Active,Man,Liberal,Whitby,Ontario
NA,Tim,Uppal,TimUppal,https://www.youtube.com/@TimUppal,Active,Man,Conservative,Edmonton Mill Woods,Alberta
Hon.,Rechie,Valdez,rechieaileenvaldez,https://www.youtube.com/@rechieaileenvaldez,Active,Woman,Liberal,Mississauga-Streetsville,Ontario
NA,Tony,Van Bynen,tonyvanbynenmp1425,https://www.youtube.com/@tonyvanbynenmp1425,Active,Man,Liberal,Newmarket-Aurora,Ontario
NA,Adam,Van Koeverden,adamvankoeverden3357,https://www.youtube.com/@adamvankoeverden3357,Inactive,Man,Liberal,Milton,Ontario
NA,Tako,Van Popta,takovanpopta5811,https://www.youtube.com/@takovanpopta5811,Active,Man,Conservative,Langley-Aldergrove,British Columbia
NA,Anita,Vandenbeld,AnitaVandenbeldMP,https://www.youtube.com/@AnitaVandenbeldMP,Active,Woman,Liberal,Ottawa West-Nepean,Ontario
NA,Karen,Vecchio,karenvecchiompforelgin-mid4870,https://www.youtube.com/@karenvecchiompforelgin-mid4870,Active,Woman,Conservative,Elgin-Middlesex-London,Ontario
NA,Gary,Vidal,garyvidal8212,https://www.youtube.com/@garyvidal8212,Active,Man,Conservative,Desnethe-Missinippi-Churchill River,Saskatchewan
NA,Arnold,Viersen,arnoldviersen3180,https://www.youtube.com/@arnoldviersen3180,Active,Man,Conservative,Peace River-Westlock,Alberta
NA,Julie,Vignola,julievignola4813,https://www.youtube.com/@julievignola4813,Active,Woman,Bloc Québécois,Beauport-Limoilou,Quebec
NA,René,Villemure,ReneVillemureBQ,https://www.youtube.com/@ReneVillemureBQ,Active,Man,Bloc Québécois,Trois-Rivières,Quebec
Hon.,Arif,Virani,ArifViraniMP,https://www.youtube.com/@ArifViraniMP,Inactive,Man,Liberal,Parkdale-High Park,Ontario
NA,Brad,Vis,BradVisMP,https://www.youtube.com/@BradVisMP,Active,Man,Conservative,Mission-Matsqui-Fraser Canyon,British Columbia
NA,Kevin,Vuong,KevinVuongMP,https://www.youtube.com/@KevinVuongMP,Active,Man,Independent,Spadina-Fort York,Ontario
NA,Cathay,Wagantall,CathayWagantallMP,https://www.youtube.com/@CathayWagantallMP,Active,Woman,Conservative,Yorkton-Melville,Saskatchewan
NA,Chris,Warkentin,chriswarkentin,https://www.youtube.com/@chriswarkentin,Active,Man,Conservative,Grande Prairie-Mackenzie,Alberta
NA,Kevin,Waugh,kevinwaugh9637,https://www.youtube.com/@kevinwaugh9637,Inactive,Man,Conservative,Saskatoon-Grasswood,Saskatchewan
NA,Len,Webber,lenwebber,https://www.youtube.com/@lenwebber,Active,Man,Conservative,Calgary Confederation,Alberta
NA,Patrick,Weiler,patrickweilermp,https://www.youtube.com/@patrickweilermp,Active,Man,Liberal,West Vancouver-Sunshine Coast-Sea to Sky Country,British Columbia
Hon.,Jonathan,Wilkinson,jonathanwilkinson2677,https://www.youtube.com/@jonathanwilkinson2677,Inactive,Man,Liberal,North Vancouver,British Columbia
NA,Ryan,Williams,RyanWilliamsMP,https://www.youtube.com/@RyanWilliamsMP,Active,Man,Conservative,Bay of Quinte,Ontario
NA,John,Williamson,johnwilliamsonmp,https://www.youtube.com/@johnwilliamsonmp,Active,Man,Conservative,New Brunswick Southwest,New Brunswick
NA,Jean,Yip,jeanyip8825,https://www.youtube.com/@jeanyip8825,Active,Woman,Liberal,Scarborough-Agincourt,Ontario
NA,Salma,Zahid,SalmaZahid15,https://www.youtube.com/@SalmaZahid15,Active,Woman,Liberal,Scarborough Centre,Ontario
NA,Bonita,Zarrillo,bonitazarrillondp,https://www.youtube.com/@bonitazarrillondp,Active,Woman,NDP,Port Moody-Coquitlam,British Columbia
NA,Bob,Zimmer,BobZimmerMP,https://www.youtube.com/@BobZimmerMP,Active,Man,Conservative,Prince George-Peace River-Northern Rockies,British Columbia
NA,Sameer,Zuberi,sameerzuberi6087,https://www.youtube.com/@sameerzuberi6087,Inactive,Man,Liberal,Pierrefonds-Dollard,Quebec